n_corr,dist_mean,dist_median,dist_std,dist_p95,dist_p99,x_span_mid,y_span_mid,z_span_mid
429906,15.992401166490739,15.97350521206877,6.5226241692341675,25.814378299747872,36.83412788880906,51.68865,50.1537,31.841549999999998
