pair_type,n_corr,dist_mean,dist_median,dist_std,dist_p95,dist_p99,mx_span,my_span,mz_span
VUX_VUX,161575,18.926978342361302,19.03750765725388,5.22693136090197,26.47302879561122,34.59202478818483,49.82525,49.9495,30.29355
VUX_PUCK,106016,14.068427782118084,14.095206276355208,5.533477908414506,23.471489217571726,26.71271501360406,37.272149999999996,46.8503,17.0068
PUCK_VUX,95403,14.308985992780517,14.25141254963872,5.646393868661144,23.91406385002424,27.08822623622295,37.4888,46.985350000000004,17.3902
PUCK_PUCK,55911,11.633155305358173,11.245809283906606,5.575678373670259,21.566955272476612,25.443106284994553,41.867549999999994,49.14505,16.34525
VUX_nan,8871,29.65570616517792,29.16419418842221,9.676454292914256,42.38193340443772,43.588774975416534,44.50695,41.156600000000005,28.631950000000003
PUCK_nan,2130,22.068987853002028,21.662796308321838,8.882776344025169,37.199530312447074,41.21648745340166,38.616749999999996,47.0844,15.060500000000001
